Товар;Размер;По какой мерке подбирают;Мерка от;Мерка до;Рост от, см;Рост до, см;Примечание
Шлем хоккейный с маской;S;Обхват головы, см;;;;;заполнить
Шлем хоккейный с маской;M;Обхват головы, см;;;;;заполнить
Шлем хоккейный с маской;L;Обхват головы, см;;;;;заполнить
Защита шеи хоккейная;Детская;Рост, см;;;;;заполнить
Защита шеи хоккейная;Юниор;Рост, см;;;;;заполнить
Защита шеи хоккейная;Взрослая;Рост, см;;;;;заполнить
Нагрудник хоккейный;1;Рост, см;;;110;120;из прайса, проверить
Нагрудник хоккейный;2;Рост, см;;;120;135;из прайса, проверить
Нагрудник хоккейный;3;Рост, см;;;135;145;из прайса, проверить
Нагрудник хоккейный;4;Рост, см;;;145;165;из прайса, проверить
Нагрудник хоккейный;5;Рост, см;;;165;175;из прайса, проверить
Нагрудник хоккейный;6;Рост, см;;;175;190;из прайса, проверить
Нагрудник хоккейный;7;Рост, см;;;180;195;из прайса, проверить
Защита паха хоккейная;Детская;Рост, см;;;;;заполнить
Защита паха хоккейная;Юниор;Рост, см;;;;;заполнить
Защита паха хоккейная;Взрослая;Рост, см;;;;;заполнить
Подтяжки для хоккейных шорт;Детские;Рост, см;;;;;заполнить
Подтяжки для хоккейных шорт;Юниор;Рост, см;;;;;заполнить
Подтяжки для хоккейных шорт;Взрослые;Рост, см;;;;;заполнить
Налокотники хоккейные;1;Рост, см;;;110;120;из прайса, проверить
Налокотники хоккейные;2;Рост, см;;;120;135;из прайса, проверить
Налокотники хоккейные;3;Рост, см;;;135;145;из прайса, проверить
Налокотники хоккейные;4;Рост, см;;;145;165;из прайса, проверить
Налокотники хоккейные;5;Рост, см;;;165;175;из прайса, проверить
Налокотники хоккейные;6;Рост, см;;;175;190;из прайса, проверить
Перчатки хоккейные;10,5;Длина кисти, см;;;;;заполнить
Перчатки хоккейные;11,5;Длина кисти, см;;;;;заполнить
Перчатки хоккейные;12,5;Длина кисти, см;;;;;заполнить
Перчатки хоккейные;13,5;Длина кисти, см;;;;;заполнить
Перчатки хоккейные;14,5;Длина кисти, см;;;;;заполнить
Перчатки хоккейные;8,0;Длина кисти, см;;;;;есть в прайсе, на сайте нет
Перчатки хоккейные;9,0;Длина кисти, см;;;;;есть в прайсе, на сайте нет
Шорты хоккейные;34;Обхват талии, см;;;;;заполнить
Шорты хоккейные;36;Обхват талии, см;;;;;заполнить
Шорты хоккейные;38;Обхват талии, см;;;;;заполнить
Шорты хоккейные;40;Обхват талии, см;;;;;заполнить
Шорты хоккейные;42;Обхват талии, см;;;;;заполнить
Шорты хоккейные;44;Обхват талии, см;;;;;заполнить
Шорты хоккейные;46;Обхват талии, см;;;;;заполнить
Шорты хоккейные;48;Обхват талии, см;;;;;заполнить
Шорты хоккейные;50;Обхват талии, см;;;;;заполнить
Шорты хоккейные;52;Обхват талии, см;;;;;заполнить
Шорты хоккейные;54;Обхват талии, см;;;;;заполнить
Щитки хоккейные;8;Длина голени от колена до щиколотки, см;;;100;110;из прайса, проверить
Щитки хоккейные;9;Длина голени от колена до щиколотки, см;;;110;120;из прайса, проверить
Щитки хоккейные;10;Длина голени от колена до щиколотки, см;;;120;135;из прайса, проверить
Щитки хоккейные;11;Длина голени от колена до щиколотки, см;;;135;145;из прайса, проверить
Щитки хоккейные;12;Длина голени от колена до щиколотки, см;;;145;155;из прайса, проверить
Щитки хоккейные;13;Длина голени от колена до щиколотки, см;;;155;165;из прайса, проверить
Щитки хоккейные;14;Длина голени от колена до щиколотки, см;;;165;175;из прайса, проверить
Щитки хоккейные;15;Длина голени от колена до щиколотки, см;;;175;185;из прайса, проверить
Щитки хоккейные;16;Длина голени от колена до щиколотки, см;;;185;190;из прайса, проверить
